Area,Ages,Males,Females,HMales,HFemales,MMales,MFemales,CMales,CFemales,SMales,SFemales,OthMales,OthFemales
INDIA,0-4,58632074,54174704,45496032,41824811,9980911,9454325,1188696,1141709,823683,688960,935075,887018
INDIA,5-9,66300466,60627660,51752264,47090038,11083818,10394718,1306536,1253739,935267,752127,1040129,979540
INDIA,10-14,69418835,63290377,54573129,49534671,11084681,10366761,1402808,1358118,1070813,834180,1108077,1042518
INDIA,15-19,63982396,56544053,50425235,44038285,9900673,9200941,1293777,1277106,1170625,940969,1029509,949222
INDIA,20-24,57584693,53839529,45674250,42427981,8546075,8094242,1189581,1251774,1070357,981628,964557,957339
INDIA,25-29,51344208,50069757,41307634,40090367,7006039,6921748,1113503,1192375,907627,866839,897330,886454
INDIA,30-34,44660674,43934277,36230268,35501266,5789206,5751249,997121,1049310,784050,764539,776302,776735
INDIA,35-39,42919381,42221303,34933268,34210700,5466174,5407710,967391,1037245,739310,734381,743107,747767
INDIA,40-44,37545386,34892726,30604207,28310840,4636016,4254376,897542,931416,683659,679107,667876,650917
INDIA,45-49,32138114,30180213,26277331,24596589,3775434,3516495,829459,847085,623726,600776,587773,562905
INDIA,50-54,25843266,23225988,21156815,18977646,2976560,2603412,683255,686540,513813,462538,477317,452405
INDIA,55-59,19456012,19690043,15984485,16154325,2136798,2178198,559304,571884,380794,379055,368300,369229
INDIA,60-64,18701749,18961958,15341452,15593513,2136960,2053218,473545,494620,399681,423484,323929,360242
INDIA,65-69,12944326,13510657,10667427,11174219,1394984,1406852,313491,344092,310865,286107,238842,272403
INDIA,70-74,9651499,9557343,7993583,7928488,1014200,967415,229090,255725,231595,199597,168121,185898
INDIA,75-79,4490603,4741900,3720160,3919976,429447,449319,134727,160608,114217,107793,84710,93844
INDIA,80+,5283695,6005310,4311924,4900287,566810,635518,142732,187772,165370,162244,85244,103781
State - JAMMU & KASHMIR,0-4,763501,651383,162348,135672,584275,502065,1616,1472,8471,6346,4586,4392
State - JAMMU & KASHMIR,5-9,746818,665155,175655,145261,553506,505425,1576,1429,9586,7056,5169,4906
State - JAMMU & KASHMIR,10-14,744855,668998,182086,154004,543825,499382,1654,1415,10206,7801,5879,5491
State - JAMMU & KASHMIR,15-19,640362,597100,172742,148387,448848,432279,1586,1413,10773,8748,5542,5572
State - JAMMU & KASHMIR,20-24,603578,557335,195604,153192,386794,386715,2321,1473,12658,9598,5342,5683
State - JAMMU & KASHMIR,25-29,584559,501563,231569,147429,327511,337238,3404,1369,15700,9307,5309,5653
State - JAMMU & KASHMIR,30-34,495746,431157,184697,128398,290253,287881,2557,1079,12779,8486,4684,4814
State - JAMMU & KASHMIR,35-39,441265,396680,154148,117359,270192,265274,1863,1077,10314,8316,4189,4278
State - JAMMU & KASHMIR,40-44,387739,326346,132139,97321,240491,216674,1663,836,9566,7705,3502,3508
State - JAMMU & KASHMIR,45-49,311560,279230,107522,87789,191254,180528,1140,697,8342,7059,3035,2918
State - JAMMU & KASHMIR,50-54,255599,212967,82480,68280,163132,135699,672,538,6576,5690,2573,2557
State - JAMMU & KASHMIR,55-59,172753,167278,58109,51205,107112,109135,436,419,4811,4274,2181,2098
State - JAMMU & KASHMIR,60-64,173427,149299,49254,46529,117629,96819,377,302,4035,3634,1980,1871
State - JAMMU & KASHMIR,65-69,102743,101222,32756,31652,65305,65217,190,197,2961,2710,1448,1342
State - JAMMU & KASHMIR,70-74,97472,86547,27290,28067,66140,54877,197,181,2475,2130,1273,1205
State - JAMMU & KASHMIR,75-79,43094,41982,15200,15265,25533,24563,90,86,1444,1284,788,746
State - JAMMU & KASHMIR,80+,65844,61026,21056,22598,41517,35539,150,118,2050,1741,984,935
State - HIMACHAL PRADESH,0-4,285011,259973,270134,246235,8227,7702,508,471,2952,2596,2477,2345
State - HIMACHAL PRADESH,5-9,311457,279720,294908,265042,8582,7872,562,530,3554,2821,3301,3027
State - HIMACHAL PRADESH,10-14,338240,300984,319949,285013,8814,7821,625,573,4159,3358,4155,3793
State - HIMACHAL PRADESH,15-19,336729,303732,318808,287983,8713,7213,527,501,3992,3750,4241,3875
State - HIMACHAL PRADESH,20-24,323720,320146,305640,304378,9155,7195,802,616,3768,3919,3929,3611
State - HIMACHAL PRADESH,25-29,290125,299035,274497,285066,7396,6114,762,558,3265,3371,3854,3578
State - HIMACHAL PRADESH,30-34,271253,275104,257574,262623,5986,5087,643,495,3132,3212,3651,3425
State - HIMACHAL PRADESH,35-39,258230,259736,245601,248552,5527,4570,570,434,3144,3056,3212,2909
State - HIMACHAL PRADESH,40-44,222269,223291,211775,213927,4562,3747,471,386,2757,2533,2580,2525
State - HIMACHAL PRADESH,45-49,197642,197486,188809,189599,3702,2999,363,301,2468,2269,2191,2200
State - HIMACHAL PRADESH,50-54,165724,164963,158411,158381,2879,2438,296,238,2123,1852,1919,1941
State - HIMACHAL PRADESH,55-59,135245,131615,129672,126584,2102,1791,246,207,1673,1472,1478,1475
State - HIMACHAL PRADESH,60-64,115464,115908,110733,111383,1806,1544,178,177,1424,1344,1268,1393
State - HIMACHAL PRADESH,65-69,78387,80220,75332,77076,1052,1037,108,110,979,933,873,1016
State - HIMACHAL PRADESH,70-74,62119,68468,59393,65719,949,838,67,68,813,804,871,976
State - HIMACHAL PRADESH,75-79,36440,39266,34705,37656,490,436,44,63,496,450,688,627
State - HIMACHAL PRADESH,80+,48465,58272,46031,56021,738,647,58,66,769,637,823,846
State - PUNJAB,0-4,1149956,983573,463547,404872,28102,26089,16870,15321,632590,529794,3360,3001
State - PUNJAB,5-9,1301682,1066337,520878,433833,31091,27863,19116,16577,721157,580455,3984,3346
State - PUNJAB,10-14,1445530,1137872,554223,444856,31946,27159,20306,17049,829116,640951,4357,3474
State - PUNJAB,15-19,1570180,1247503,591637,465941,32501,26103,20472,18063,915347,729220,4464,3744
State - PUNJAB,20-24,1465531,1311105,585070,502848,31223,26082,18664,17462,821078,756352,4391,3836
State - PUNJAB,25-29,1270405,1193456,534821,482452,26573,22671,15860,14766,685085,665441,4011,3933
State - PUNJAB,30-34,1082533,1034006,452051,411363,21872,19078,13082,12537,589090,584108,3545,3464
State - PUNJAB,35-39,1010862,978209,413563,380275,19788,16989,12265,11798,559758,562881,3280,3270
State - PUNJAB,40-44,909208,879261,357355,325975,16489,13774,10806,10023,519960,524160,2971,2952
State - PUNJAB,45-49,818135,769636,316014,284042,13102,10696,8872,8041,476143,462227,2750,2575
State - PUNJAB,50-54,663664,590800,251738,219210,9464,7333,6583,5559,392609,354882,2351,2350
State - PUNJAB,55-59,485845,470710,182890,168271,5807,5678,4474,4762,290036,289022,2037,1777
State - PUNJAB,60-64,482483,514107,162431,168227,6515,6570,5093,5489,306121,330809,1703,1797
State - PUNJAB,65-69,372806,346782,115206,112450,4761,4435,3926,3728,247185,224157,1244,1168
State - PUNJAB,70-74,272120,241352,82717,80877,3620,3049,2823,2251,181723,153755,881,867
State - PUNJAB,75-79,130203,126463,40082,41382,1632,1486,1002,1040,86772,81780,515,479
State - PUNJAB,80+,186050,193451,52688,61510,2602,2543,1626,1578,128232,126662,562,608
State - CHANDIGARH,0-4,43347,38507,36298,32124,2635,2561,345,303,3888,3360,91,82
State - CHANDIGARH,5-9,49255,41939,41180,35202,3074,2675,374,292,4473,3622,86,85
State - CHANDIGARH,10-14,52140,41324,42947,34222,3007,2581,418,315,5578,4083,125,89
State - CHANDIGARH,15-19,60521,43897,49124,35397,3751,2381,442,371,6962,5524,182,168
State - CHANDIGARH,20-24,68467,52777,55895,42155,4294,2436,494,504,7444,7337,275,276
State - CHANDIGARH,25-29,60694,49543,50586,40510,3427,2285,420,475,6047,6072,173,164
State - CHANDIGARH,30-34,49625,41178,41477,33764,2579,1756,393,344,5021,5165,130,112
State - CHANDIGARH,35-39,45566,38106,37824,30882,2219,1497,346,367,5046,5238,105,104
State - CHANDIGARH,40-44,37268,31653,30515,24944,1589,1065,346,360,4698,5130,104,119
State - CHANDIGARH,45-49,32893,27459,26573,21283,1184,814,270,300,4743,4928,114,108
State - CHANDIGARH,50-54,26108,20834,20591,15735,761,421,215,203,4430,4353,100,105
State - CHANDIGARH,55-59,19745,15180,15187,11083,418,333,167,149,3876,3548,93,60
State - CHANDIGARH,60-64,13530,12271,9957,8858,426,350,100,110,2987,2898,56,45
State - CHANDIGARH,65-69,8250,7589,5854,5300,244,193,56,58,2064,1992,29,38
State - CHANDIGARH,70-74,5998,5387,4121,3640,156,101,39,51,1653,1567,28,25
State - CHANDIGARH,75-79,3255,3167,2122,2098,48,34,12,28,1045,983,28,22
State - CHANDIGARH,80+,3800,3831,2360,2496,68,70,26,27,1321,1214,23,20
State - UTTARAKHAND,0-4,488988,435876,391087,345834,84484,78367,1458,1321,10243,8867,660,616
State - UTTARAKHAND,5-9,560179,498622,447866,397113,97362,88725,1700,1564,11615,9753,877,764
State - UTTARAKHAND,10-14,603274,542069,485113,436877,100722,90695,1830,1714,13432,11242,1375,938
State - UTTARAKHAND,15-19,588483,535627,472849,430952,96963,88870,2014,1865,14162,12121,1818,1247
State - UTTARAKHAND,20-24,484614,485454,389009,402370,79366,68179,2020,1728,12056,11546,1579,1147
State - UTTARAKHAND,25-29,397363,412821,327326,349767,56514,50493,1695,1601,9966,9579,1458,981
State - UTTARAKHAND,30-34,345427,352873,289058,299282,44631,42276,1542,1521,8607,8597,1244,857
State - UTTARAKHAND,35-39,330834,334666,276080,284614,43586,39474,1449,1401,8418,8144,1004,773
State - UTTARAKHAND,40-44,285531,281178,240486,242228,35307,29895,1309,1120,7350,6963,832,738
State - UTTARAKHAND,45-49,247982,241395,212006,210562,27632,23111,1068,993,6450,5942,667,590
State - UTTARAKHAND,50-54,202024,195134,176020,173586,19478,15641,855,831,4939,4399,579,531
State - UTTARAKHAND,55-59,151865,166596,134163,146695,12843,14559,705,786,3620,3959,441,465
State - UTTARAKHAND,60-64,163220,165836,141136,146108,16424,14447,673,661,4403,4093,470,413
State - UTTARAKHAND,65-69,108412,110347,95032,98072,9659,8741,430,437,2857,2721,340,295
State - UTTARAKHAND,70-74,80970,82473,70891,74281,7081,5646,306,323,2284,1934,331,205
State - UTTARAKHAND,75-79,40837,43809,36635,39800,2679,2519,139,187,1129,1093,218,170
State - UTTARAKHAND,80+,48458,56447,41860,49979,4293,4317,188,255,1844,1630,232,200
State - HARYANA,0-4,1283789,1078730,1082350,900592,142000,130035,2217,1944,50929,41033,2602,2222
State - HARYANA,5-9,1371825,1126932,1163839,948269,144885,129784,2225,1971,55243,42291,2613,2317
State - HARYANA,10-14,1474136,1194542,1265624,1021195,136658,118518,2283,2079,63952,48066,2847,2396
State - HARYANA,15-19,1487548,1189842,1303298,1037224,106997,90597,2417,2185,69309,55331,2736,2345
State - HARYANA,20-24,1372799,1194687,1215284,1049955,85959,76579,2712,2702,63480,60634,2891,2648
State - HARYANA,25-29,1178340,1053619,1051228,935396,66164,58517,2590,2440,53541,52501,3005,2929
State - HARYANA,30-34,976844,916747,872947,814721,51022,49194,2303,2109,46565,46629,2776,2643
State - HARYANA,35-39,912717,849146,815421,755570,47787,44393,1955,1785,44250,43787,2415,2325
State - HARYANA,40-44,790581,715369,705691,636882,39767,33943,1704,1552,40668,40023,2135,2031
State - HARYANA,45-49,655749,586065,585146,521366,29953,26024,1506,1382,36739,34717,1973,1819
State - HARYANA,50-54,510688,454540,455806,406408,22290,18529,1233,1141,29263,26219,1730,1632
State - HARYANA,55-59,374209,376729,334978,334233,15010,16692,933,875,21653,23010,1412,1424
State - HARYANA,60-64,413958,430391,364177,380308,19819,19510,840,760,27488,28037,1366,1298
State - HARYANA,65-69,255270,249169,223494,219196,12452,11506,492,468,17832,16940,814,740
State - HARYANA,70-74,188304,185857,164722,164540,9001,7653,341,335,13512,12473,572,586
State - HARYANA,75-79,97692,98525,85818,87025,3987,3861,173,188,7273,7008,339,319
State - HARYANA,80+,133397,141192,116416,124287,5590,5373,212,245,10711,10653,315,399
State - NCT OF DELHI,0-4,734336,646864,588387,511664,115066,108400,4617,4370,18858,16020,6351,5565
State - NCT OF DELHI,5-9,829487,706485,664860,557543,130492,120374,5423,5117,20928,16863,7044,5960
State - NCT OF DELHI,10-14,895446,752701,719068,598458,137460,122371,6340,5726,23942,19066,7859,6518
State - NCT OF DELHI,15-19,925118,742257,744613,591080,139389,115639,6069,6301,26092,21513,8219,7174
State - NCT OF DELHI,20-24,951411,812649,772348,659605,135499,110814,6750,7935,27444,25727,8595,7945
State - NCT OF DELHI,25-29,878196,790130,724581,651854,111876,95489,6413,7541,26017,25974,8609,8725
State - NCT OF DELHI,30-34,757455,677244,627941,563063,91526,76681,5838,6491,23454,22514,8083,8063
State - NCT OF DELHI,35-39,698455,620789,581204,515502,82160,68985,5954,6849,21426,21677,7227,7397
State - NCT OF DELHI,40-44,590858,506339,492122,422488,65908,50407,6200,6420,19345,19863,6862,6871
State - NCT OF DELHI,45-49,495227,415986,413747,347209,50235,37470,5607,5473,18617,19264,6729,6308
State - NCT OF DELHI,50-54,376222,311247,315367,260255,33577,24592,4278,3996,16966,16773,5804,5436
State - NCT OF DELHI,55-59,269185,239707,225825,199417,21123,18977,3107,2958,14226,13912,4708,4298
State - NCT OF DELHI,60-64,238103,233916,195508,192937,23253,20947,2160,2165,13127,13905,3889,3812
State - NCT OF DELHI,65-69,139398,133054,115347,110958,11734,9803,1051,1248,8773,8575,2382,2377
State - NCT OF DELHI,70-74,94947,94303,78737,78785,7078,6304,731,918,6476,6440,1849,1778
State - NCT OF DELHI,75-79,50446,50247,42008,42189,2799,2591,426,512,4101,3783,1081,1110
State - NCT OF DELHI,80+,53861,59170,44474,49355,3562,3963,392,560,4396,4094,982,1126
State - RAJASTHAN,0-4,3858574,3443596,3378075,3005037,409038,377417,4553,4098,38639,32721,21824,18969
State - RAJASTHAN,5-9,4258873,3783865,3751566,3324433,429587,393568,5091,4639,44010,36417,24213,21071
State - RAJASTHAN,10-14,4430696,3949822,3923584,3490760,422317,386875,5033,4853,49318,40609,26432,23385
State - RAJASTHAN,15-19,3889874,3424143,3446860,3015805,357408,333708,4642,4463,48978,41668,28506,25661
State - RAJASTHAN,20-24,3377483,3049011,2977207,2667298,319456,305054,4262,4380,44920,41097,28597,28528
State - RAJASTHAN,25-29,2763059,2585438,2442790,2279701,248354,239380,3968,3684,37784,33709,27607,26914
State - RAJASTHAN,30-34,2384569,2338114,2118143,2074640,202260,201692,3672,3374,32837,31479,25443,25121
State - RAJASTHAN,35-39,2201790,2132774,1962513,1897753,179352,176476,3323,3239,30426,29413,24139,24316
State - RAJASTHAN,40-44,1926916,1808439,1719675,1613175,150738,140970,3247,3063,28555,27207,23075,22767
State - RAJASTHAN,45-49,1608512,1536892,1435863,1371509,121694,116911,2844,2846,24957,23411,21857,21081
State - RAJASTHAN,50-54,1345007,1171801,1202043,1048972,100201,85163,2400,2320,19932,16604,19283,17827
State - RAJASTHAN,55-59,935866,961583,837682,861909,66926,69064,1877,1968,13342,13503,15222,14425
State - RAJASTHAN,60-64,884024,886115,789553,793654,65434,63340,1549,1529,13854,13901,12849,12959
State - RAJASTHAN,65-69,589471,670905,527079,603309,41512,45358,899,1074,10005,10595,9425,9969
State - RAJASTHAN,70-74,490011,526904,438306,473928,34574,35704,642,822,8551,8006,7481,7944
State - RAJASTHAN,75-79,216016,261639,191588,234853,14728,16808,296,432,4417,4423,4731,4889
State - RAJASTHAN,80+,252741,334312,222297,297867,19424,24192,349,552,5909,5947,4414,5344
State - UTTAR PRADESH,0-4,10660474,9716194,8313294,7516200,2240584,2108701,16570,15332,26361,21427,20029,18463
State - UTTAR PRADESH,5-9,13250331,11811386,10340327,9156677,2792036,2554567,20281,18522,30726,24582,24251,21507
State - UTTAR PRADESH,10-14,13679154,12190727,10743357,9510889,2813990,2575440,20809,19113,34460,28101,25229,22399
State - UTTAR PRADESH,15-19,12307573,10732807,9684996,8274098,2505914,2358552,19696,18337,36297,30907,23331,20417
State - UTTAR PRADESH,20-24,9405485,8173163,7411545,6442739,1895511,1643911,17129,16143,33381,29112,19901,18081
State - UTTAR PRADESH,25-29,7466367,7113462,6014975,5718383,1371335,1320054,13851,13790,28324,25350,17666,16425
State - UTTAR PRADESH,30-34,6431401,6523281,5236112,5289728,1127859,1166256,12036,12037,24600,23126,15475,15289
State - UTTAR PRADESH,35-39,6401231,6154991,5235317,4988707,1102614,1102831,11785,11600,23190,22191,14866,14269
State - UTTAR PRADESH,40-44,5395162,4836240,4410272,3935821,930444,847245,10585,9731,20475,19560,13049,12099
State - UTTAR PRADESH,45-49,4382148,4067629,3603336,3331208,732418,689716,8968,8851,18337,17388,11381,10869
State - UTTAR PRADESH,50-54,3571917,3015106,2961116,2491632,571776,487510,7701,6933,15142,13166,9905,8809
State - UTTAR PRADESH,55-59,2626201,2837945,2200617,2339474,396257,466434,5868,6126,11365,11712,7642,7630
State - UTTAR PRADESH,60-64,2968771,2736420,2459910,2269069,478099,437437,5827,5394,12308,11359,7669,7107
State - UTTAR PRADESH,65-69,1958472,1881497,1646915,1574976,291418,285887,3586,3587,8365,8103,5001,4724
State - UTTAR PRADESH,70-74,1535092,1297276,1297849,1091408,221154,190926,2764,2658,6845,5737,3808,3461
State - UTTAR PRADESH,75-79,638877,611015,546726,516017,84216,86768,1283,1407,3542,3320,1889,1947
State - UTTAR PRADESH,80+,935921,876563,785294,726850,138330,137666,1906,2026,5419,4911,2445,2438
State - BIHAR,0-4,6576871,6188158,5327251,4980505,1212221,1175364,7203,6621,1122,1060,3317,3196
State - BIHAR,5-9,7796359,7239918,6359330,5877576,1401458,1330405,8375,8037,1376,1218,4067,3699
State - BIHAR,10-14,7323831,6596051,6008107,5360644,1283053,1206988,8510,7649,1370,1240,3764,3458
State - BIHAR,15-19,5290581,4182114,4332791,3340523,934160,821741,6445,5875,1163,1018,2838,2405
State - BIHAR,20-24,4210585,3854150,3459398,3184758,733065,652407,5209,5372,1048,976,2270,2188
State - BIHAR,25-29,3828687,3843018,3197833,3220722,615722,606348,4645,5008,958,960,2234,2153
State - BIHAR,30-34,3510596,3545141,2964736,2990112,533036,541001,4396,4546,891,846,1939,1942
State - BIHAR,35-39,3308161,3149100,2794105,2643587,502305,492765,4452,4388,898,807,1907,1770
State - BIHAR,40-44,2756809,2408883,2325230,2019448,421860,379641,3885,3326,749,675,1615,1418
State - BIHAR,45-49,2209994,2060380,1863333,1732256,338923,319560,3174,3015,685,602,1400,1294
State - BIHAR,50-54,1808425,1504315,1529222,1267397,272936,230702,2628,2228,582,432,1088,977
State - BIHAR,55-59,1330356,1466322,1134398,1246594,191181,213825,1994,1964,377,394,903,912
State - BIHAR,60-64,1559925,1448083,1328857,1230163,226094,212145,1871,1852,446,389,910,808
State - BIHAR,65-69,1103718,986061,945138,842545,155089,139568,1216,1248,276,265,647,608
State - BIHAR,70-74,784383,595148,675564,506978,106139,85595,943,830,204,181,483,336
State - BIHAR,75-79,297973,252506,259073,217877,37765,33417,368,391,102,71,208,203
State - BIHAR,80+,360594,318754,311819,272451,47188,44639,419,458,125,106,257,235
State - SIKKIM,0-4,21685,20651,12663,11985,383,373,2295,2244,24,12,6223,5935
State - SIKKIM,5-9,28688,27990,16592,16091,517,440,3020,2992,24,25,8407,8344
State - SIKKIM,10-14,33965,32958,19433,18496,525,402,3456,3568,19,15,10382,10353
State - SIKKIM,15-19,33998,32939,19265,18549,767,418,3260,3561,17,16,10543,10280
State - SIKKIM,20-24,35146,32151,20924,18376,1084,428,3052,3453,243,46,9748,9771
State - SIKKIM,25-29,34700,29939,21146,17013,965,340,2921,3151,420,48,9173,9294
State - SIKKIM,30-34,28562,23663,17411,13539,661,252,2569,2539,416,36,7463,7249
State - SIKKIM,35-39,23396,20231,14074,11445,481,214,2109,2101,186,28,6514,6378
State - SIKKIM,40-44,20170,16382,11984,9213,379,153,1910,1698,123,15,5742,5251
State - SIKKIM,45-49,16114,13348,9565,7496,286,114,1483,1327,52,16,4712,4343
State - SIKKIM,50-54,13624,10808,8012,6072,192,83,1222,1043,18,7,4170,3573
State - SIKKIM,55-59,9913,7628,5782,4191,125,43,911,729,12,5,3071,2633
State - SIKKIM,60-64,7441,6109,4264,3324,74,32,701,637,8,3,2389,2101
State - SIKKIM,65-69,5593,4890,3167,2697,42,18,531,455,2,0,1843,1703
State - SIKKIM,70-74,4304,3257,2403,1772,22,4,368,286,3,1,1500,1182
State - SIKKIM,75-79,2556,1960,1461,1034,9,3,228,206,0,1,854,707
State - SIKKIM,80+,2578,2064,1476,1088,14,10,197,180,22,2,866,773
State - ARUNACHAL PRADESH,0-4,72464,70415,18978,18100,1385,1406,24569,23910,53,57,26852,26319
State - ARUNACHAL PRADESH,5-9,86699,84424,22238,21481,1494,1548,29357,28757,51,48,32961,31988
State - ARUNACHAL PRADESH,10-14,90439,88920,23643,22066,1490,1333,29537,29917,52,46,35179,35019
State - ARUNACHAL PRADESH,15-19,78673,77295,21831,19349,1692,1183,24382,25463,52,49,30262,30828
State - ARUNACHAL PRADESH,20-24,66033,65663,23350,18020,1927,1267,17004,20044,379,62,23100,25951
State - ARUNACHAL PRADESH,25-29,63366,60348,23756,16854,1972,1244,15525,18526,734,53,21159,23425
State - ARUNACHAL PRADESH,30-34,52462,48709,19055,14168,1314,939,13122,14275,741,42,18103,19138
State - ARUNACHAL PRADESH,35-39,48211,46180,17544,13481,1238,896,12328,13928,265,45,16757,17663
State - ARUNACHAL PRADESH,40-44,42861,35742,16419,10647,1046,617,10833,10495,241,29,14251,13843
State - ARUNACHAL PRADESH,45-49,35173,28506,13665,8382,779,422,8888,8333,124,22,11678,11270
State - ARUNACHAL PRADESH,50-54,26487,19623,10045,5217,549,261,6633,5778,51,10,9174,8304
State - ARUNACHAL PRADESH,55-59,16996,12890,6126,2916,292,134,4306,3989,23,10,6225,5810
State - ARUNACHAL PRADESH,60-64,13492,11953,3638,2254,154,92,3613,3790,6,3,6055,5781
State - ARUNACHAL PRADESH,65-69,7642,7331,1790,1406,93,56,2028,2121,4,4,3711,3716
State - ARUNACHAL PRADESH,70-74,5547,5100,1273,949,49,36,1525,1561,3,2,2686,2529
State - ARUNACHAL PRADESH,75-79,2687,2448,560,464,17,8,750,727,3,2,1349,1242
State - ARUNACHAL PRADESH,80+,3821,3618,1009,801,45,38,1081,1062,13,3,1665,1703
State - NAGALAND,0-4,101291,95971,7452,7111,3507,3299,89421,84677,43,38,692,693
State - NAGALAND,5-9,120647,112452,8703,7847,3559,3336,107355,100336,49,40,814,758
State - NAGALAND,10-14,129237,119434,8749,7554,2962,2444,116451,108454,39,30,883,819
State - NAGALAND,15-19,117994,111628,8770,6549,2937,1872,105327,102325,32,21,756,722
State - NAGALAND,20-24,103769,100594,11028,7358,3003,2164,88730,90386,242,37,617,546
State - NAGALAND,25-29,89598,87303,12689,7558,3080,2058,72868,77072,352,52,523,483
State - NAGALAND,30-34,76505,73419,10696,6252,2403,1552,62602,65134,346,41,382,388
State - NAGALAND,35-39,64695,63503,9786,5660,2154,1314,52186,56098,156,25,351,351
State - NAGALAND,40-44,57653,51608,9260,4005,1648,844,46209,46402,152,17,328,300
State - NAGALAND,45-49,47757,39990,6988,2969,1208,581,39159,36099,56,17,293,292
State - NAGALAND,50-54,36134,29725,4374,1901,803,365,30661,27232,18,14,248,196
State - NAGALAND,55-59,23741,19657,2736,1149,448,187,20348,18136,10,9,173,161
State - NAGALAND,60-64,19683,16836,1598,898,363,156,17529,15622,14,10,158,136
State - NAGALAND,65-69,12801,11442,835,538,172,85,11662,10707,10,2,115,102
State - NAGALAND,70-74,9260,8333,558,363,144,71,8467,7811,4,5,72,77
State - NAGALAND,75-79,5635,4930,248,194,39,36,5294,4655,3,0,42,40
State - NAGALAND,80+,7400,6406,335,272,80,62,6911,6015,5,1,52,51
State - MANIPUR,0-4,133160,123522,51775,48270,14489,13643,54961,50510,66,59,11063,10370
State - MANIPUR,5-9,149766,141477,55118,52608,17070,16249,65028,60586,58,56,11791,11370
State - MANIPUR,10-14,161146,152617,59241,56794,15935,15451,72516,67312,51,43,12709,12385
State - MANIPUR,15-19,144495,142513,49708,49253,13043,13584,70390,68408,43,42,10653,10633
State - MANIPUR,20-24,139587,142195,53781,53907,11181,12388,63329,64074,89,52,10618,11242
State - MANIPUR,25-29,132888,137589,57535,57803,10382,11100,53326,56058,154,55,11030,12042
State - MANIPUR,30-34,109678,111276,49593,49285,7787,7801,42196,43457,129,59,9678,10283
State - MANIPUR,35-39,98019,100434,46262,45473,7266,7233,35413,37795,95,41,8758,9508
State - MANIPUR,40-44,85896,84933,40784,37711,5449,5609,31713,33309,75,30,7729,7967
State - MANIPUR,45-49,73917,73113,33662,32264,4980,4861,28416,29073,61,31,6672,6631
State - MANIPUR,50-54,60598,59679,26925,27705,3856,3530,24208,22619,38,29,5493,5606
State - MANIPUR,55-59,45409,44090,21380,21525,2967,2596,16673,15509,31,21,4295,4304
State - MANIPUR,60-64,36567,35330,17061,17386,2344,2131,13574,12280,18,10,3515,3412
State - MANIPUR,65-69,23218,23430,11333,11983,1394,1219,8113,7943,18,8,2327,2219
State - MANIPUR,70-74,16776,17477,8332,9083,909,896,5977,5726,10,12,1530,1699
State - MANIPUR,75-79,10663,10765,5691,6050,464,372,3489,3259,9,4,993,1048
State - MANIPUR,80+,12571,13223,6476,7236,578,522,4455,4165,8,5,1028,1254
State - MIZORAM,0-4,61541,59692,1193,1235,871,808,52430,51003,11,12,6920,6526
State - MIZORAM,5-9,59888,57900,1320,1115,796,822,50686,49295,6,13,7007,6596
State - MIZORAM,10-14,59526,57455,1258,1084,717,550,50899,49861,8,5,6597,5893
State - MIZORAM,15-19,55907,54436,1224,977,986,527,48555,48088,5,5,5084,4799
State - MIZORAM,20-24,55512,56196,1979,1092,1411,573,47011,49047,15,10,5052,5421
State - MIZORAM,25-29,51390,50956,2723,1090,1320,514,43146,45272,31,4,4134,4040
State - MIZORAM,30-34,44341,44033,2550,911,949,416,37667,39733,44,8,3107,2942
State - MIZORAM,35-39,36817,35567,2224,771,822,328,31184,32051,27,1,2539,2390
State - MIZORAM,40-44,29970,28210,2311,604,597,195,24929,25330,29,6,2088,2058
State - MIZORAM,45-49,27028,26147,1433,434,375,161,23472,23993,25,3,1704,1533
State - MIZORAM,50-54,22556,21700,800,316,254,131,20029,19922,7,1,1449,1319
State - MIZORAM,55-59,16139,15038,538,161,170,85,14448,14019,5,0,972,767
State - MIZORAM,60-64,12357,12123,186,126,102,76,11278,11256,1,1,784,660
State - MIZORAM,65-69,8114,8056,91,65,70,34,7466,7517,0,0,481,437
State - MIZORAM,70-74,6108,5912,82,56,42,27,5652,5531,0,0,329,293
State - MIZORAM,75-79,3884,3900,42,36,22,15,3647,3695,1,0,169,150
State - MIZORAM,80+,3882,4292,46,42,22,16,3655,4051,1,0,155,178
State - TRIPURA,0-4,164505,158061,130258,125536,17811,16924,8547,7976,38,31,7418,7159
State - TRIPURA,5-9,172541,165194,137260,131405,18480,17825,8930,8478,37,31,7507,7178
State - TRIPURA,10-14,183001,174689,145606,138766,19614,18957,9691,9279,34,25,7748,7368
State - TRIPURA,15-19,181136,176693,146428,142251,18500,18365,9006,9098,26,19,6922,6693
State - TRIPURA,20-24,183779,189398,151685,155770,16975,17564,8432,9072,89,30,6354,6740
State - TRIPURA,25-29,175059,169090,147329,141535,13853,13746,7821,7747,84,35,5728,5828
State - TRIPURA,30-34,149231,137758,127196,117163,10792,9988,6455,5981,88,20,4519,4451
State - TRIPURA,35-39,143051,136291,122600,116831,10134,9846,5698,5308,114,24,4378,4131
State - TRIPURA,40-44,124093,114658,107431,98803,8471,8323,4571,4082,136,16,3371,3304
State - TRIPURA,45-49,106717,98752,92704,85851,7210,6605,3747,3376,61,13,2912,2810
State - TRIPURA,50-54,86627,75559,75645,66320,5817,4805,2849,2284,34,11,2198,2059
State - TRIPURA,55-59,61849,55025,54465,48738,3950,3216,1721,1520,16,9,1640,1488
State - TRIPURA,60-64,49611,47518,43541,41684,3225,3014,1376,1424,8,8,1403,1333
State - TRIPURA,65-69,35044,35436,30746,31397,2246,2104,989,982,5,5,1030,913
State - TRIPURA,70-74,25535,26789,22347,23698,1747,1662,695,727,2,6,711,659
State - TRIPURA,75-79,14259,15827,12583,14193,854,825,417,441,2,3,383,336
State - TRIPURA,80+,17471,22054,15209,19596,1197,1303,507,611,7,1,527,503
State - MEGHALAYA,0-4,205846,200308,14901,14156,9584,9083,158959,155046,134,116,21267,20917
State - MEGHALAYA,5-9,197585,191597,16715,15748,9725,9555,150645,146237,150,108,19620,19256
State - MEGHALAYA,10-14,193473,189133,18267,16992,8536,7742,147656,145470,165,152,18178,18147
State - MEGHALAYA,15-19,164716,161472,18396,16160,6705,5756,124823,124994,167,173,14107,13912
State - MEGHALAYA,20-24,139140,145872,18388,16026,6059,6113,102512,110948,154,152,11641,12228
State - MEGHALAYA,25-29,124676,126605,18117,15868,6124,5818,89377,94143,163,157,10568,10288
State - MEGHALAYA,30-34,95786,93871,14958,12476,4404,3779,68173,69555,123,115,7895,7755
State - MEGHALAYA,35-39,87320,87386,14743,12676,3872,3573,60961,63463,158,112,7407,7346
State - MEGHALAYA,40-44,73377,72073,13893,10464,3549,3067,49813,52120,130,87,5846,6158
State - MEGHALAYA,45-49,63043,60072,11298,8455,2893,2480,43433,43758,94,69,5193,5145
State - MEGHALAYA,50-54,45910,42833,8140,5957,2156,1792,31761,31131,81,54,3669,3789
State - MEGHALAYA,55-59,30692,29417,5652,4308,1440,1100,21084,21179,42,37,2398,2707
State - MEGHALAYA,60-64,25421,25287,3879,3302,1065,963,18307,18465,29,34,2079,2454
State - MEGHALAYA,65-69,17482,18292,2553,2237,702,663,12741,13544,12,19,1428,1773
State - MEGHALAYA,70-74,11161,12537,1600,1496,431,494,8115,9115,16,10,971,1385
State - MEGHALAYA,75-79,5848,6997,846,907,241,221,4270,5004,11,3,464,829
State - MEGHALAYA,80+,7027,8850,968,1089,243,292,5231,6394,8,7,554,1040
State - ASSAM,0-4,1634922,1577911,829705,798709,734597,711065,61078,59331,625,593,4459,4126
State - ASSAM,5-9,1806346,1737993,943312,905761,783278,756318,70246,67288,753,626,5074,4711
State - ASSAM,10-14,1789381,1702346,1014009,967324,694409,657384,71228,68608,861,731,5513,5198
State - ASSAM,15-19,1595489,1473092,961674,921243,561795,479655,62922,63686,854,817,5285,5012
State - ASSAM,20-24,1415580,1493825,885810,925167,469658,501135,51520,59078,1166,885,5067,5172
State - ASSAM,25-29,1393042,1422105,887749,909773,446022,449767,50895,54297,1456,876,4921,5223
State - ASSAM,30-34,1174247,1155813,767372,761497,358814,345702,40901,41878,1312,746,4477,4318
State - ASSAM,35-39,1153679,1106794,770905,743781,335522,316778,40803,39768,1078,807,4256,4125
State - ASSAM,40-44,965463,865743,654803,582917,271666,245736,33510,31962,992,650,3704,3382
State - ASSAM,45-49,846081,749168,586629,512592,223596,204283,31161,27743,802,612,3259,2983
State - ASSAM,50-54,642260,550103,443247,374320,172746,153010,22584,19505,602,384,2628,2244
State - ASSAM,55-59,458242,398583,320017,277131,119831,104793,15742,14129,354,315,1959,1725
State - ASSAM,60-64,394563,381135,272421,261859,106242,104551,13626,12299,331,308,1677,1623
State - ASSAM,65-69,253973,249669,177864,174134,66555,66177,8015,7706,231,198,1118,1098
State - ASSAM,70-74,196445,188832,134407,127371,54759,54849,6098,5428,176,139,844,760
State - ASSAM,75-79,96599,87753,67462,60563,25469,24115,2977,2441,105,67,509,444
State - ASSAM,80+,113237,116338,73315,74319,35624,38016,3519,3172,109,98,538,545
State - WEST BENGAL,0-4,3743862,3589281,2348407,2245313,1304972,1257457,24423,23481,2014,1797,50608,49236
State - WEST BENGAL,5-9,4216763,4031046,2671272,2548502,1443296,1384778,29190,28503,2364,2014,59158,57134
State - WEST BENGAL,10-14,4677506,4479017,3013105,2867751,1549725,1503259,33999,32848,2711,2214,66364,62561
State - WEST BENGAL,15-19,4702325,4355706,3119702,2826561,1467154,1421364,33671,34308,2847,2503,67258,60895
State - WEST BENGAL,20-24,4422630,4335692,3031003,2962905,1285371,1262350,31375,35244,3152,2818,60588,62466
State - WEST BENGAL,25-29,4044904,3953005,2893123,2851108,1053636,1001671,29632,31283,3367,2938,55255,57171
State - WEST BENGAL,30-34,3464659,3376931,2561483,2517390,822208,775967,24239,25614,2967,2508,46179,48238
State - WEST BENGAL,35-39,3523361,3489285,2631747,2612068,810558,791652,23982,25902,2810,2480,47547,50170
State - WEST BENGAL,40-44,3219604,2933456,2426812,2212304,719065,647832,22216,23031,2665,2156,43107,42583
State - WEST BENGAL,45-49,2814212,2521507,2154672,1934756,594947,522540,20176,20089,2405,2056,37209,36979
State - WEST BENGAL,50-54,2317232,1940648,1784427,1495160,479655,394841,16375,15361,1910,1545,31116,29738
State - WEST BENGAL,55-59,1746903,1521747,1366802,1182263,340292,299660,12210,11349,1476,1143,23348,24083
State - WEST BENGAL,60-64,1406401,1339053,1080669,1030771,292516,272103,9344,9306,1149,1072,20399,22842
State - WEST BENGAL,65-69,991280,991713,769822,772556,199036,193765,5952,6233,848,771,13970,16139
State - WEST BENGAL,70-74,686881,703726,540347,554905,130995,131202,4134,4410,632,516,9435,11006
State - WEST BENGAL,75-79,360216,379551,292532,309436,59502,60671,2240,2425,341,321,4902,5726
State - WEST BENGAL,80+,406536,477025,321475,381892,76276,84628,2486,2883,415,426,4754,5730
State - JHARKHAND,0-4,1871134,1777163,1228878,1154668,314914,303614,69054,67228,2367,2083,249283,243644
State - JHARKHAND,5-9,2117879,2020546,1400103,1325278,343355,332188,81117,79051,2792,2315,285351,277018
State - JHARKHAND,10-14,2112627,1991769,1406456,1311104,334059,318734,83519,83494,3011,2607,280979,271703
State - JHARKHAND,15-19,1714887,1490381,1154216,969722,265956,237364,69284,70919,3871,2915,217949,206375
State - JHARKHAND,20-24,1431263,1396359,977779,934366,216218,207879,59672,64167,4095,3302,170790,184076
State - JHARKHAND,25-29,1342314,1310325,931615,903424,188228,181828,55076,57556,3349,3129,161884,162051
State - JHARKHAND,30-34,1165866,1141430,821169,795534,157708,149272,47864,51059,3208,2648,134432,141056
State - JHARKHAND,35-39,1092675,1044089,766617,722644,142350,133637,46867,48524,2889,2622,132709,134990
State - JHARKHAND,40-44,930421,858085,652538,591325,117072,104572,41640,42019,2665,2420,115453,116379
State - JHARKHAND,45-49,798966,735128,554314,507609,96848,87441,38095,36828,2438,2197,106358,99840
State - JHARKHAND,50-54,620682,565499,436798,392629,74275,64902,29104,29423,2015,1778,77821,75856
State - JHARKHAND,55-59,487604,497630,347012,346721,55521,59209,23451,25677,1624,1398,59461,63804
State - JHARKHAND,60-64,474565,482917,334980,332405,59964,56029,21626,25617,1270,1358,56171,66588
State - JHARKHAND,65-69,317852,317545,225565,220091,40018,36783,14733,16698,926,877,36219,42476
State - JHARKHAND,70-74,210878,196230,152219,138354,27618,22841,9061,10030,671,634,21004,23936
State - JHARKHAND,75-79,83542,84412,61218,60905,10316,9629,4045,4346,378,355,7465,9008
State - JHARKHAND,80+,94908,93829,69761,68065,12966,12178,3820,4220,420,422,7776,8734
State - ODISHA,0-4,1878127,1774902,1739632,1640912,44317,42906,60379,58359,854,726,26832,26620
State - ODISHA,5-9,2085339,1989429,1927586,1837293,47614,45784,72216,70570,866,719,32307,30688
State - ODISHA,10-14,2203535,2145090,2047323,1990944,53165,51614,68082,69131,1016,838,29107,28401
State - ODISHA,15-19,1972684,1952714,1837531,1814960,53002,53397,54204,57786,1003,946,23140,21990
State - ODISHA,20-24,1870939,1912588,1749277,1782338,48580,48336,48180,54582,1067,1017,20345,23011
State - ODISHA,25-29,1772876,1801161,1661050,1686917,41973,40654,45784,48829,1032,1031,20117,21051
State - ODISHA,30-34,1542233,1560758,1450929,1468261,33464,31589,38083,40322,991,899,16652,17412
State - ODISHA,35-39,1528685,1522503,1439935,1433002,31722,29997,38022,39819,900,839,16219,16902
State - ODISHA,40-44,1387920,1303554,1310039,1227424,26756,24021,34331,34736,862,736,14484,14996
State - ODISHA,45-49,1212366,1121664,1143478,1058051,22826,19647,30606,28911,823,651,13390,13048
State - ODISHA,50-54,957524,890288,906612,842152,16836,14504,22478,21774,601,508,10011,10233
State - ODISHA,55-59,744291,739429,706556,700071,12517,11269,16599,18277,412,399,7470,8436
State - ODISHA,60-64,737635,736426,700437,696424,11686,10836,16985,19171,379,357,7414,8493
State - ODISHA,65-69,487849,491676,464834,466487,7426,6922,10402,11933,252,268,4342,5264
State - ODISHA,70-74,380635,387435,364259,368893,6160,6185,6781,7911,183,201,2785,3578
State - ODISHA,75-79,183294,181506,176308,173678,2838,2735,2694,3164,118,100,1067,1468
State - ODISHA,80+,204857,193135,196891,184306,3510,3773,2767,3048,128,119,1188,1436
State - CHHATTISGARH,0-4,1286970,1254095,1203875,1174266,25112,24219,21368,20797,2567,2242,31505,30589
State - CHHATTISGARH,5-9,1404079,1354679,1313575,1268008,26670,25070,24483,23834,3015,2434,34733,33817
State - CHHATTISGARH,10-14,1461185,1422828,1367347,1332645,28178,25862,26555,26663,3240,2728,34385,33622
State - CHHATTISGARH,15-19,1319451,1280391,1232533,1195048,27841,26093,24582,24534,3334,2847,29897,30748
State - CHHATTISGARH,20-24,1193378,1196119,1112222,1111549,27593,27455,21399,23508,3367,3173,27732,29463
State - CHHATTISGARH,25-29,1049238,1008062,976797,935685,24673,23699,19251,20298,3139,2971,24642,24651
State - CHHATTISGARH,30-34,898023,917035,836577,853802,20440,19510,16350,17753,2957,2799,21232,22520
State - CHHATTISGARH,35-39,891265,888149,830012,826696,18897,18188,16941,17467,2919,2906,22067,22317
State - CHHATTISGARH,40-44,796402,780151,741350,725435,16346,14736,15537,16519,2795,2519,20072,20390
State - CHHATTISGARH,45-49,692974,641400,643203,594626,13663,12192,14796,14601,2636,2266,18417,17339
State - CHHATTISGARH,50-54,510326,482621,473244,447791,10009,8752,11534,11095,1916,1763,13433,12905
State - CHHATTISGARH,55-59,389338,400015,361335,371826,7174,6849,8850,9078,1526,1242,10297,10750
State - CHHATTISGARH,60-64,348956,394786,325367,368557,6363,6706,7340,8347,1081,1122,8639,9731
State - CHHATTISGARH,65-69,244336,289474,228262,270526,4286,4797,5098,5960,802,864,5751,7066
State - CHHATTISGARH,70-74,174249,198751,162518,185631,3218,3279,3812,4016,661,675,3937,4946
State - CHHATTISGARH,75-79,75545,91033,70050,84791,1418,1507,1908,2100,347,326,1769,2225
State - CHHATTISGARH,80+,85073,101706,79209,94710,1550,1865,1860,2058,400,367,1994,2592
State - MADHYA PRADESH,0-4,3874247,3597039,3525920,3267111,263401,249422,9264,8924,6037,5126,59821,57754
State - MADHYA PRADESH,5-9,4309693,3956762,3936250,3607626,282651,264462,10473,9825,6737,5445,66211,62983
State - MADHYA PRADESH,10-14,4439329,4125172,4052403,3762265,292291,272477,10892,10433,7454,6217,69553,67737
State - MADHYA PRADESH,15-19,3980072,3466717,3612302,3126921,277865,254709,9770,10030,7733,6532,66687,63436
State - MADHYA PRADESH,20-24,3554088,3173491,3217374,2856315,252406,235201,9319,10327,7761,6778,62714,60645
State - MADHYA PRADESH,25-29,2988325,2799181,2709245,2528191,203924,198787,8433,8890,7096,6133,56593,53914
State - MADHYA PRADESH,30-34,2650705,2564255,2409498,2327779,173376,168276,7767,8255,6418,5626,51518,51602
State - MADHYA PRADESH,35-39,2493464,2368207,2270204,2150215,157749,151544,7627,8005,5689,5397,50479,50583
State - MADHYA PRADESH,40-44,2193888,2020586,1997250,1836005,135427,122988,7235,7442,5218,4953,47461,47190
State - MADHYA PRADESH,45-49,1838798,1684163,1671363,1530569,111065,99601,6417,6623,4948,4531,43958,41227
State - MADHYA PRADESH,50-54,1446522,1247850,1317561,1133745,84276,71799,5297,5280,4026,3564,34606,32246
State - MADHYA PRADESH,55-59,1030243,1027834,937923,935270,58195,58982,4205,4029,2916,2872,26421,25665
State - MADHYA PRADESH,60-64,989463,997947,901454,908650,58773,58629,3273,3540,2726,2613,22569,23456
State - MADHYA PRADESH,65-69,680005,747056,621457,683148,38734,41294,2032,2439,1927,1868,15390,17477
State - MADHYA PRADESH,70-74,545246,562175,500176,514403,30416,31307,1529,1695,1550,1376,11083,12695
State - MADHYA PRADESH,75-79,244807,278548,223865,254654,13157,14919,783,1000,865,758,5913,6854
State - MADHYA PRADESH,80+,310035,358034,283345,324935,18048,22395,783,1069,1038,1133,6436,7919
State - GUJARAT,0-4,2871890,2588442,2529805,2270657,304438,284280,12440,11533,2410,2075,18837,16708
State - GUJARAT,5-9,3126401,2709435,2759909,2376238,325668,297816,13816,12805,2736,2117,21100,18026
State - GUJARAT,10-14,3283834,2865611,2908585,2526141,330013,300269,14846,13839,2869,2308,24384,20778
State - GUJARAT,15-19,3146110,2719650,2781256,2395569,319431,284468,13911,12614,2839,2288,25943,22397
State - GUJARAT,20-24,3046127,2734595,2696240,2403717,303589,287199,13739,13696,3639,2544,26090,24980
State - GUJARAT,25-29,2767283,2511539,2461091,2218230,261397,249520,13261,13414,3085,2496,25958,25700
State - GUJARAT,30-34,2467024,2303504,2197209,2041917,227605,220295,12480,12593,2715,2229,24879,24642
State - GUJARAT,35-39,2258335,2082890,2011946,1847316,206626,196284,11980,12097,2406,1946,23518,23673
State - GUJARAT,40-44,1993876,1871600,1776888,1667323,179110,167068,11390,11488,2213,1806,22599,22488
State - GUJARAT,45-49,1711872,1602141,1528863,1429982,146571,136339,10490,10486,1867,1561,22634,22563
State - GUJARAT,50-54,1409273,1287910,1257489,1149482,118999,107516,8966,8513,1562,1255,21061,20128
State - GUJARAT,55-59,1038088,1016859,924125,906675,86634,83964,7239,6981,1034,996,18135,17416
State - GUJARAT,60-64,851259,876493,756119,777611,73469,76984,5495,5658,951,870,14529,14673
State - GUJARAT,65-69,550002,620070,488242,552240,46424,52058,3644,3868,586,576,10611,10761
State - GUJARAT,70-74,417522,482155,372189,429453,33730,40109,2568,2787,435,459,8229,8919
State - GUJARAT,75-79,196341,243655,174345,217459,14997,18445,1320,1506,265,207,5202,5805
State - GUJARAT,80+,230477,318585,207002,283868,17256,26437,1227,1581,275,269,4445,6056
State - MAHARASHTRA,0-4,4939629,4422397,3893624,3440549,670760,636160,32249,30497,8492,7246,318165,294064
State - MAHARASHTRA,5-9,5178177,4642477,4082387,3619714,696929,655788,35215,33380,8788,7462,339638,313469
State - MAHARASHTRA,10-14,5662261,5072274,4481936,3981573,726169,670633,40768,38872,9654,8249,387514,359370
State - MAHARASHTRA,15-19,5710400,4916867,4503049,3847812,744149,649439,42796,41643,10253,8540,395035,356228
State - MAHARASHTRA,20-24,5845114,5245852,4608121,4136531,755819,649688,47405,48629,12062,10180,407090,387538
State - MAHARASHTRA,25-29,5272560,4874553,4197436,3873440,629837,565621,46297,48267,11554,10293,374926,365690
State - MAHARASHTRA,30-34,4536297,4260010,3627454,3412346,520889,466880,42456,43917,10337,9061,325070,318221
State - MAHARASHTRA,35-39,4209434,4037726,3376646,3245837,467495,425199,41840,43851,8897,8403,305873,305812
State - MAHARASHTRA,40-44,3744825,3451264,3016779,2796900,394311,332759,40725,42680,7919,7318,277765,264345
State - MAHARASHTRA,45-49,3116218,2916236,2525507,2374730,306976,264382,37680,39752,7048,6751,233171,224696
State - MAHARASHTRA,50-54,2580991,2338326,2102727,1906251,237605,203671,34066,33972,6195,5520,195539,184109
State - MAHARASHTRA,55-59,1974129,1911685,1618482,1563331,168175,161493,28210,29077,4635,4361,151009,149499
State - MAHARASHTRA,60-64,1716639,1925841,1400720,1574023,155499,167555,22833,24992,4101,3997,130175,151150
State - MAHARASHTRA,65-69,1440238,1638114,1188708,1354755,122775,131837,14863,17088,2939,2753,108215,128206
State - MAHARASHTRA,70-74,1039292,1103844,861757,913142,84928,86501,10364,12495,1999,1925,78185,87229
State - MAHARASHTRA,75-79,515431,547342,430398,454247,38118,39701,5978,8058,1112,1115,38842,43001
State - MAHARASHTRA,80+,542109,638085,449548,523306,46093,55626,5830,8608,1275,1371,37990,47500
State - ANDHRA PRADESH,0-4,3235887,3048878,2797480,2634166,367897,349447,41017,39210,1808,1593,4426,3975
State - ANDHRA PRADESH,5-9,3760398,3544034,3274805,3083880,410618,389644,45788,44688,1999,1736,4682,4172
State - ANDHRA PRADESH,10-14,4208884,3992711,3691628,3498346,435482,416391,50477,50740,1940,1688,4833,4363
State - ANDHRA PRADESH,15-19,4196307,3897440,3680717,3392743,435239,426055,49591,52035,2059,1638,4816,4490
State - ANDHRA PRADESH,20-24,4055697,4076397,3550650,3551702,427094,438076,50680,59603,2262,2001,4864,4687
State - ANDHRA PRADESH,25-29,3809887,3989149,3356907,3515213,378568,391469,51217,57625,2131,1863,4527,4635
State - ANDHRA PRADESH,30-34,3300407,3283964,2924241,2914987,312499,302481,45912,46989,1708,1536,4205,3984
State - ANDHRA PRADESH,35-39,3198512,3308827,2845087,2958114,294019,286171,44411,46370,1543,1345,3739,3693
State - ANDHRA PRADESH,40-44,2794398,2605075,2498864,2337431,245059,216526,38111,37005,1317,1138,3177,3033
State - ANDHRA PRADESH,45-49,2374633,2282636,2135067,2056647,197435,180773,32005,33242,1132,942,2782,2587
State - ANDHRA PRADESH,50-54,1862583,1794803,1678128,1617887,150667,140435,25710,26890,912,742,2174,2000
State - ANDHRA PRADESH,55-59,1350539,1559059,1216797,1414194,108011,114427,19732,22507,689,636,1570,1582
State - ANDHRA PRADESH,60-64,1485764,1714073,1352547,1566324,108280,116814,18893,22651,580,572,1494,1619
State - ANDHRA PRADESH,65-69,1034360,1133494,947586,1038565,69943,73995,12586,15167,430,389,998,1128
State - ANDHRA PRADESH,70-74,752743,766615,691734,702277,48998,50197,8853,10016,306,250,689,784
State - ANDHRA PRADESH,75-79,307474,329515,282150,301620,19835,21155,4065,4741,115,140,363,408
State - ANDHRA PRADESH,80+,325987,428216,296431,388275,23464,31441,4077,5551,223,194,393,513
State - KARNATAKA,0-4,2582024,2464695,2106706,2008668,404724,389757,39166,37664,1236,1124,20236,18583
State - KARNATAKA,5-9,2696670,2544839,2202433,2075636,420107,399961,41025,39552,1261,1087,22576,20307
State - KARNATAKA,10-14,2955287,2781359,2435773,2284570,437811,421135,45048,44256,1250,1022,25967,21761
State - KARNATAKA,15-19,3042048,2785229,2518642,2276740,438093,427861,46893,49199,1368,1043,27429,22150
State - KARNATAKA,20-24,3109586,2942972,2587669,2430040,429962,420668,52077,58127,2008,1358,28238,23865
State - KARNATAKA,25-29,2879254,2892352,2425813,2429893,366387,371970,51631,56949,1691,1501,26213,23641
State - KARNATAKA,30-34,2389594,2308786,2016664,1952037,294559,280068,47813,48530,1558,1178,23638,20885
State - KARNATAKA,35-39,2319088,2376363,1965131,2026486,280903,274837,45487,47267,1292,1043,21891,20994
State - KARNATAKA,40-44,1977768,1848944,1688130,1585458,226149,201309,40047,39620,1044,741,19098,17530
State - KARNATAKA,45-49,1804833,1714949,1552188,1479783,195652,177047,36304,37725,851,681,17076,15893
State - KARNATAKA,50-54,1381969,1317301,1192307,1136647,142774,133042,30540,31404,656,531,13637,12729
State - KARNATAKA,55-59,1056054,1086450,912425,938783,105641,107268,25170,26537,478,399,10877,11111
State - KARNATAKA,60-64,994630,1065422,860963,925190,100726,104325,21049,22712,427,408,9948,10382
State - KARNATAKA,65-69,723687,796432,630729,696694,70445,73580,13687,16112,317,277,7448,8001
State - KARNATAKA,70-74,510419,550706,447801,483991,46838,47785,9396,11779,215,181,5381,5673
State - KARNATAKA,75-79,249834,274592,219087,240916,21223,21767,5799,7923,104,92,3228,3252
State - KARNATAKA,80+,268502,356808,235231,311327,23546,30939,5783,9332,135,114,3207,4120
State - GOA,0-4,52017,49186,34257,32123,6145,5778,11314,11019,54,55,89,75
State - GOA,5-9,54672,51296,35462,32857,6063,5673,12841,12443,56,51,86,87
State - GOA,10-14,57417,53572,37370,34609,6048,5619,13711,13087,41,37,93,75
State - GOA,15-19,60075,53800,40174,34995,6236,5425,13364,13138,72,55,92,79
State - GOA,20-24,70616,60129,49590,39876,7550,6530,13023,13461,125,45,137,103
State - GOA,25-29,67744,64882,48539,44093,6769,6222,12048,14280,102,58,111,114
State - GOA,30-34,63471,62388,45428,42865,5493,4849,12242,14426,72,52,115,96
State - GOA,35-39,63541,62757,44818,42519,4934,4407,13462,15579,70,63,134,93
State - GOA,40-44,55504,53008,37810,34523,3825,3279,13628,14985,64,44,90,94
State - GOA,45-49,47867,46869,32123,30326,3152,2760,12389,13593,58,43,74,84
State - GOA,50-54,38782,37810,26513,24013,2334,2007,9759,11629,47,34,77,69
State - GOA,55-59,32021,33532,21066,20561,1716,1660,9105,11199,35,23,71,50
State - GOA,60-64,29100,32004,18385,18802,1566,1496,9058,11593,25,19,38,55
State - GOA,65-69,19005,22014,11845,12913,874,853,6203,8168,12,14,45,34
State - GOA,70-74,12890,16165,7793,9037,530,538,4520,6538,13,9,18,21
State - GOA,75-79,7228,9308,4094,4700,279,270,2824,4299,8,6,12,18
State - GOA,80+,6092,9689,3520,4790,237,335,2297,4517,6,0,12,17
State - LAKSHADWEEP,0-4,2648,2404,19,12,2619,2388,3,1,0,0,1,1
State - LAKSHADWEEP,5-9,2760,2647,19,12,2734,2625,0,3,0,1,3,2
State - LAKSHADWEEP,10-14,2854,3144,18,13,2826,3125,4,1,1,0,4,1
State - LAKSHADWEEP,15-19,2808,2816,51,12,2750,2801,4,2,0,0,2,0
State - LAKSHADWEEP,20-24,3071,2758,225,14,2812,2740,28,2,2,0,1,1
State - LAKSHADWEEP,25-29,3135,2832,271,15,2811,2809,45,4,1,0,0,1
State - LAKSHADWEEP,30-34,2777,2660,221,20,2507,2636,40,3,0,0,2,0
State - LAKSHADWEEP,35-39,2756,2633,223,22,2490,2606,34,4,2,0,2,0
State - LAKSHADWEEP,40-44,2453,2155,185,25,2221,2125,43,2,0,1,2,1
State - LAKSHADWEEP,45-49,1975,1835,168,17,1765,1813,41,4,0,0,1,0
State - LAKSHADWEEP,50-54,1625,1441,114,11,1483,1425,26,3,0,0,1,0
State - LAKSHADWEEP,55-59,1513,1388,73,7,1426,1379,12,2,0,0,1,0
State - LAKSHADWEEP,60-64,1046,988,9,3,1031,984,5,0,0,0,1,0
State - LAKSHADWEEP,65-69,753,660,3,1,749,659,0,0,0,0,0,0
State - LAKSHADWEEP,70-74,410,439,0,1,409,438,1,0,0,0,0,0
State - LAKSHADWEEP,75-79,244,249,1,0,243,249,0,0,0,0,0,0
State - LAKSHADWEEP,80+,221,260,2,0,219,259,0,0,0,0,0,0
State - KERALA,0-4,1247534,1205558,581568,563275,466122,449375,193254,186607,164,170,865,815
State - KERALA,5-9,1303190,1251922,626966,602246,453114,434478,217709,210181,183,129,811,729
State - KERALA,10-14,1438917,1383853,719704,692160,461030,442328,252787,244524,206,143,882,712
State - KERALA,15-19,1328299,1282253,671513,645342,421318,415417,230963,217394,179,141,714,589
State - KERALA,20-24,1298826,1366983,687560,699803,395540,461647,210831,201241,216,131,775,647
State - KERALA,25-29,1203978,1400114,678402,750232,328647,438916,192489,206689,159,150,669,612
State - KERALA,30-34,1128217,1327284,650789,725817,280179,382105,193574,215731,145,134,560,558
State - KERALA,35-39,1161819,1417854,684448,803900,260610,361970,213382,248321,182,122,577,574
State - KERALA,40-44,1117424,1295074,664878,745042,223970,293741,225625,253080,159,96,568,514
State - KERALA,45-49,1105598,1242932,668358,730006,205678,261612,228982,248090,144,89,511,532
State - KERALA,50-54,931191,996954,551357,586583,176570,195535,200978,212361,116,80,518,445
State - KERALA,55-59,861527,880881,507304,523498,164393,166035,187895,189154,113,50,428,335
State - KERALA,60-64,685136,729535,402355,443372,130284,130348,150984,154005,74,65,321,271
State - KERALA,65-69,459232,542902,268853,327147,87719,102737,101688,111577,43,43,220,239
State - KERALA,70-74,326562,406810,191320,247857,56107,66124,78425,91691,33,37,156,170
State - KERALA,75-79,208317,293050,122558,179240,31757,43791,53532,69147,18,23,95,131
State - KERALA,80+,204348,337501,116465,204203,29089,47103,58193,85011,23,32,93,181
State - TAMIL NADU,0-4,2714578,2564123,2347920,2214654,189859,180173,160440,154511,583,517,3941,3783
State - TAMIL NADU,5-9,2851293,2699962,2478343,2343226,191696,183153,166275,159980,609,518,4422,4002
State - TAMIL NADU,10-14,3188990,2988557,2792325,2606931,195741,187463,185736,180324,569,490,4516,4091
State - TAMIL NADU,15-19,3229838,3023954,2835556,2636030,193497,192506,184624,181571,696,508,4816,4183
State - TAMIL NADU,20-24,3154804,3256739,2761950,2826197,193856,218619,182822,197231,846,645,4945,4581
State - TAMIL NADU,25-29,3237374,3426372,2838864,2980529,193278,218478,191111,212658,741,641,4990,4860
State - TAMIL NADU,30-34,2908749,2906811,2542946,2524716,173567,179757,180904,189499,709,566,4967,4989
State - TAMIL NADU,35-39,2815205,3021251,2469003,2653918,164791,172293,171788,183363,686,523,4785,4441
State - TAMIL NADU,40-44,2549846,2514363,2242617,2206770,141980,137147,157189,160513,619,441,3996,3930
State - TAMIL NADU,45-49,2374915,2338141,2102339,2064059,123456,119492,142388,146141,529,364,3515,3203
State - TAMIL NADU,50-54,1875563,1827897,1657849,1610173,95151,90178,117206,120885,383,297,2833,2595
State - TAMIL NADU,55-59,1540924,1560218,1361829,1374212,76795,75163,98027,104977,326,293,2265,2245
State - TAMIL NADU,60-64,1378039,1404569,1223067,1245229,65850,64335,85233,89749,273,258,1919,1903
State - TAMIL NADU,65-69,896412,971958,795485,860488,40937,44085,57302,63678,188,163,1320,1316
State - TAMIL NADU,70-74,693167,713362,619133,633130,29423,31180,42492,46251,139,117,963,932
State - TAMIL NADU,75-79,353746,356495,314343,312798,14325,15825,23866,26252,80,68,579,619
State - TAMIL NADU,80+,339862,402148,303516,354007,13012,18685,22035,27388,71,72,516,752
State - PUDUCHERRY,0-4,47703,46246,41350,39976,3456,3409,2676,2627,8,14,101,95
State - PUDUCHERRY,5-9,50327,48390,43876,42272,3392,3190,2851,2770,13,11,91,61
State - PUDUCHERRY,10-14,53936,51790,47136,45357,3412,3214,3181,3017,4,18,105,89
State - PUDUCHERRY,15-19,52231,50085,45637,43660,3282,3158,3125,3111,15,13,80,63
State - PUDUCHERRY,20-24,51287,57532,45015,50088,3154,3812,2936,3452,16,6,91,80
State - PUDUCHERRY,25-29,55052,63192,48568,55331,3005,3785,3302,3865,14,14,77,98
State - PUDUCHERRY,30-34,53761,57309,47347,49907,3016,3571,3212,3618,15,10,83,106
State - PUDUCHERRY,35-39,52655,54804,46393,47981,2946,3182,3132,3486,10,16,93,73
State - PUDUCHERRY,40-44,45482,44297,39957,38455,2525,2658,2853,3055,13,7,80,60
State - PUDUCHERRY,45-49,40625,38680,35825,33695,2160,2145,2519,2733,19,4,52,51
State - PUDUCHERRY,50-54,30858,30065,26901,25886,1729,1761,2138,2323,8,3,44,44
State - PUDUCHERRY,55-59,24615,25494,21635,21997,1332,1389,1580,2018,7,7,46,41
State - PUDUCHERRY,60-64,20498,23330,17867,20160,1207,1320,1352,1750,8,9,39,36
State - PUDUCHERRY,65-69,12154,15829,10562,13587,714,960,840,1215,2,4,18,33
State - PUDUCHERRY,70-74,9861,12660,8591,10921,525,690,709,994,1,2,15,21
State - PUDUCHERRY,75-79,5494,7295,4821,6231,274,390,378,640,2,0,13,13
State - PUDUCHERRY,80+,5412,7903,4777,6747,265,431,340,694,1,2,10,13
State - ANDAMAN & NICOBAR ISLANDS,0-4,14641,14113,10114,9743,1304,1201,3094,3020,31,31,38,49
State - ANDAMAN & NICOBAR ISLANDS,5-9,15512,14942,10947,10374,1281,1336,3161,3112,36,48,37,34
State - ANDAMAN & NICOBAR ISLANDS,10-14,17118,16349,12083,11449,1313,1280,3564,3508,65,46,66,41
State - ANDAMAN & NICOBAR ISLANDS,15-19,17266,15760,12020,10912,1462,1246,3638,3477,63,46,43,31
State - ANDAMAN & NICOBAR ISLANDS,20-24,19528,17587,13880,12203,1746,1512,3758,3753,58,43,48,35
State - ANDAMAN & NICOBAR ISLANDS,25-29,22230,19492,16047,13741,1963,1699,4090,3928,63,58,45,36
State - ANDAMAN & NICOBAR ISLANDS,30-34,19359,16364,13703,11114,1778,1515,3758,3616,58,52,41,47
State - ANDAMAN & NICOBAR ISLANDS,35-39,17170,15672,12026,10803,1572,1347,3475,3402,48,63,32,37
State - ANDAMAN & NICOBAR ISLANDS,40-44,14813,11922,10498,8084,1236,1020,2941,2734,78,50,47,19
State - ANDAMAN & NICOBAR ISLANDS,45-49,13270,10591,9342,7255,1101,841,2724,2415,61,44,33,22
State - ANDAMAN & NICOBAR ISLANDS,50-54,9710,7586,6699,4903,831,665,2090,1964,47,32,29,17
State - ANDAMAN & NICOBAR ISLANDS,55-59,7870,5924,5313,3900,644,507,1856,1474,39,21,15,18
State - ANDAMAN & NICOBAR ISLANDS,60-64,5807,4569,4033,2977,414,347,1311,1215,21,14,25,13
State - ANDAMAN & NICOBAR ISLANDS,65-69,3430,2796,2269,1812,223,227,909,740,12,12,13,3
State - ANDAMAN & NICOBAR ISLANDS,70-74,2378,1720,1506,1145,206,147,655,412,6,9,4,5
State - ANDAMAN & NICOBAR ISLANDS,75-79,1295,956,818,646,103,103,366,198,5,5,1,2
State - ANDAMAN & NICOBAR ISLANDS,80+,1279,1194,840,842,103,104,325,233,10,10,1,5